facility_name,type,mitigation,adjusted_total_methane
"Brandt Company, Inc",Other,—,9167
Harris Ranch Feeding Company (Bovine),Other,—,8039
Grimmius Cattle Company — East Ranch,Other,—,7150
Grimmius Cattle Company,Other,—,5952
Vander Eyk & Son Dairy Complex,Dairy,—,2998
Bidart Dairy No. 2,Dairy,—,2514
Meadowlake Dairy,Dairy,—,2470
Mesquite Feedyard,Other,—,2442
3 Brands Cattle Company,Other,—,2310
SCF — Main Yard,Other,—,2310
Hilarides Dairy,Dairy,—,2204
Hettinga Dairy — San Jacinto,Dairy,—,2188
Bar 20 Dairy No. 2 & 3,Dairy,Dairy digester,2175
"Channel Islands Dairy Farms, LLC",Dairy,—,2113
Vlot Calf Ranch,Dairy,—,1899
Costa View Farms Dairy #2,Dairy,—,1892
Cow Palace Dairy,Dairy,—,1866
SCF — Hannon Yard,Other,—,1650
Still Water Ranch LLC,Dairy,—,1607
N & M Dairy,Dairy,—,1601
A & A Cattle/Raymar Farms,Other,—,1591
CalfTech Corp #2,Other,—,1584
Diamond H Dairy,Dairy,—,1579
Zonneveld Dairies Complex,Dairy,—,1558
Maple Dairy,Dairy,Dairy digester,1522
Mendes Calf Ranch #2,Other,—,1518
Double J Dairy,Dairy,Dairy digester,1466
TRI—Iest Dairy,Dairy,—,1447
South Point Ranch,Dairy,Dairy digester,1435
Bellanave Dairy,Dairy,Dairy digester,1428
Ramona Dairy,Dairy,—,1406
Milky Way Dairy,Dairy,—,1391
"Coronado Dairy Farms, LLC",Dairy,—,1388
Iest Family Farms Dairy,Dairy,—,1377
Horizon Jerseys Dairy,Dairy,Dairy digester,1369
Dixie Creek Ranch,Dairy,Dairy digester,1352
River Ranch Dairy,Dairy,Dairy digester,1321
AJB Ranch Dairy,Dairy,—,1291
Hein Hettinga/A & H Dairy 1&2,Dairy,—,1280
Wreden Ranch Dairy,Dairy,Dairy digester,1279
Manuel Godinho Dairy,Dairy,Manure management,1271
Poso Creek Family Dairy,Dairy,Dairy digester,1255
Carlos Echeverria & Sons Dairy,Dairy,Dairy digester,1238
Johann Dairy,Dairy,—,1229
Hillcrest Dairy,Dairy,Manure management,1213
Cloverdale Dairy,Dairy,Dairy digester,1207
Golden Star Cattle Ranch #2,Other,—,1193
Standard Cattle Company Feedlot,Other,—,1190
Double Diamond Dairy,Dairy,Dairy digester,1148
Riverbend Dairy,Dairy,Dairy digester,1138
Diamond D LLC Dairy,Dairy,—,1135
Western Sky Dairy,Dairy,Dairy digester,1134
Moiola Bros Cattle — Main Yard,Other,—,1122
SCF — Fairline Yard,Other,—,1122
West—Star North Dairy,Dairy,Dairy digester,1121
Tjaarda Dairy,Dairy,—,1110
Open Sky Dairy,Dairy,Dairy digester,1109
Antonio Azevedo Dairy #1,Dairy,—,1106
DeJager Dairy #2 North,Dairy,—,1106
John Vander Poel Dairy (Pixley),Dairy,Dairy digester,1095
California Dairy Farms,Dairy,—,1093
"El Toro Land & Cattle Co, Inc (Heber)",Other,—,1093
Sierra Blanca Ranch,Dairy,—,1080
HD Ranch,Dairy,—,1070
Maddox Dairy,Dairy,—,1065
D & V Dairy,Dairy,—,1052
Maya Dairy,Dairy,Dairy digester,1041
T & W Farms Dairy,Dairy,Dairy digester,1037
K & M Visser Dairy,Dairy,Dairy digester,1034
Schaffner Dairy,Dairy,—,1030
Riverbed Dairy — 38980 Record,Dairy,—,1012
Vanden Berge Dairy,Dairy,—,998
Gallo Cottonwood Dairy,Dairy,—,993
"Meirinho Holsteins, LP",Dairy,—,991
Phillips Cattle Co.,Other,—,990
Lone Oak Farms Dairy #1,Dairy,Dairy digester,987
Goyenetche Dairy LLC,Dairy,Dairy digester,986
Meloland Cattle Co.,Other,—,975
Shady Acres Dairy #2,Dairy,—,974
Cornerstone Dairy,Dairy,Dairy digester,963
Rocky Road Dairy,Dairy,—,963
John B Pires Dairy,Dairy,—,963
Trilogy Dairy,Dairy,Dairy digester,959
Veldhuis North Dairy,Dairy,—,959
"Meirinho West, Inc.",Dairy,—,949
Couco Creek Dairy,Dairy,—,946
Foster Feed Yard,Other,—,930
Foster Feed Yard — Keystone,Other,—,924
Mendes Calf Ranch #1,Other,—,924
J & R Dairy,Dairy,—,921
Lone Oak #2 Dairy,Dairy,—,915
Double DJ Farms Dairy,Dairy,—,908
Bear Mountain Dairy,Dairy,—,904
James Jongsma Dairy,Dairy,Manure management,903
Fred A Douma Dairy Partnership,Dairy,—,898
Scheenstra Dairy,Dairy,Dairy digester,894
Lakeside Dairy,Dairy,Dairy digester,892
Lakeview Farms Dairy,Dairy,Dairy digester,882
Jer—Z— Boys Dairy #1,Dairy,—,875
Temple Creek Dairy,Dairy,—,867
Bullfrog Farms,Dairy,—,863
Frings Ranch,Other,—,858
Richmar Farms Dairy,Dairy,—,858
Northstar Dairy,Dairy,Dairy digester,842
Fern Oak Farms Dairy,Dairy,Dairy digester,841
B. V. Dairy,Dairy,Dairy digester,838
Holstein Farms Dairy,Dairy,—,837
K A Vanderham Dairy,Dairy,—,828
Anchor J Dairy,Dairy,—,826
Hamstra Dairy Complex,Dairy,Dairy digester,825
Frings Ranch #2,Other,—,825
Rancho Teresita Dairy,Dairy,Dairy digester,822
Ribeiro Dairy,Dairy,Dairy digester,822
Pacheco and Associates II Dairy,Dairy,—,821
LegenDairy West,Dairy,—,820
Foster Dairy Farms #4,Dairy,—,818
DeJager Dairy #1 North,Dairy,—,816
Raymond M. & Sue Quaresma Dairy,Dairy,—,815
Gerben Leyendekker Dairy #1,Dairy,Dairy digester,813
Dykstra Dairy,Dairy,Dairy digester,811
Elkhorn Dairy,Dairy,Dairy digester,806
Shasta Livestock Auction Yard,Other,—,805
Bos Farms LP,Dairy,Dairy digester,803
Robert Gioletti & Sons Dairy,Dairy,Manure management,793
SCF — Kershaw Yard,Other,—,792
Del Charro,Other,—,790
H & P Dairy,Dairy,—,789
Hollandia Farms North,Dairy,—,787
Van Beek Brothers Dairy,Dairy,—,786
Troost Dairy,Dairy,—,784
George Tevelde Dairy,Dairy,—,781
Valsigna Dairy,Dairy,—,780
William & John Jongsma Dairy,Dairy,—,779
Aukeman Dairy,Dairy,—,776
Will De Groot Dairy,Dairy,—,775
"BWC Weststeyn Dairy, LP",Dairy,Manure management,766
Charles Ahlem Ranch,Dairy,Dairy digester,765
Charles Vander Kooi Dairy,Dairy,Dairy digester,765
Vander Woude Dairy,Dairy,Dairy digester,765
Four J Farms Dairy,Dairy,—,764
Madera Calf Ranch,Other,—,759
"Rodoni Dairy Farms, LP",Dairy,—,759
J & T Cattle Company,Other,—,757
Tony L. Lopes Dairy LP #1,Dairy,—,757
Newhouse Dairy,Dairy,Dairy digester,754
Skyline Dairy,Dairy,—,749
Riverview Dairy,Dairy,Dairy digester,745
Seifert Dairy Farm,Dairy,Manure management,741
Aukeman Farms Dairy,Dairy,Dairy digester,739
"Nicholas Calf Ranch, LLC",Other,—,739
De Boer Dairy,Dairy,Dairy digester,732
Faial Farms 2 Dairy,Dairy,—,731
Reata Cattle Feeders,Other,—,727
Curti Family Inc.,Dairy,—,726
Fontes Dairy Farms—Dairy 2,Dairy,—,725
3 Machados Dairy,Dairy,—,724
Vierra Ranch Dairy,Dairy,Manure management,722
Ahlem Farms Partnership,Dairy,Dairy digester,718
Avalon Dairy Farms,Dairy,Dairy digester,718
MC Moo Farms Dairy,Dairy,Dairy digester,718
"Hilmar Holsteins, Inc.",Dairy,—,715
Maple Dairy,Dairy,—,714
GJ Silva,Dairy,—,711
J R Dairy,Dairy,Dairy digester,707
Curtimade Dairy,Dairy,Dairy digester,704
Capstone Dairy,Dairy,Manure management,704
S & S Dairy,Dairy,Dairy digester,703
Moonshine Dairy,Dairy,—,702
Four Star Dairy,Dairy,—,702
De Jager Dairy So.,Dairy,Dairy digester,700
Louie De Groot Dairy,Dairy,—,699
La Brucherie (McCabe) Feedyard,Other,—,699
Manuel & Alda Lawrence Dairy,Dairy,—,699
Friesian Farms Dairy,Dairy,Dairy digester,697
J & D Wilson & Sons Dairy,Dairy,Dairy digester,697
Double D Dairy,Dairy,Dairy digester,695
Van Dyk Cattle Co.,Other,—,693
West Wing Dairy,Dairy,—,691
P H Ranch Inc.,Dairy,—,691
Hettinga Farms Dairy,Dairy,Dairy digester,690
Vista Verde Dairy,Dairy,Dairy digester,688
Milk Time Dairy,Dairy,—,688
DG Farms,Dairy,—,684
John De Groot & Son Dairy,Dairy,—,684
"Philip Verwey Dairy, Inc.",Dairy,Dairy digester,678
Pastime Lakes Dairy,Dairy,—,675
Ramona Dairy #2,Dairy,—,675
G3 Dairy,Dairy,—,674
Dover Dairy,Dairy,—,672
Tollcrest Dairy,Dairy,—,672
South Creek Dairy,Dairy,Manure management,670
L & J Vanderham Dairy,Dairy,Dairy digester,669
South Corner Dairy,Dairy,—,669
Chris & John Jongsma Dairy,Dairy,—,666
G & H Dairy,Dairy,—,666
Antonio Brasil Dairy,Dairy,Manure management,665
Vander Schaff Dairy,Dairy,—,664
Ahlem's Foothills Farms,Dairy,—,660
Desert Oasis Dairy,Dairy,—,660
Del—Arco Dairy,Dairy,—,660
Guess Cattle,Other,—,660
Jackson Feedlot,Other,—,660
FM Jerseys Dairy,Dairy,Dairy digester,658
Barmac Dairy,Dairy,—,656
Hidden Valley Dairy,Dairy,—,656
Mattos Brothers Dairy,Dairy,—,654
"Gold Star Enterprises, LLC",Other,—,646
Moonlight Dairy,Dairy,Dairy digester,645
Ron Verhoeven Family Dairy,Dairy,—,645
David Vander Schaaf Dairy,Dairy,—,644
Borba Dairy Farms,Dairy,—,642
Nylund Dairy Farms,Dairy,—,642
Decade Dairy,Dairy,Dairy digester,639
Dairyland Farms Dairy,Dairy,Dairy digester,637
Double Oak Dairy,Dairy,—,635
Felicita Dairy,Dairy,—,633
L & L Dairy Farms,Dairy,—,633
Oasis Holsteins Dairy,Dairy,—,631
Red Rock Dairy,Dairy,Dairy digester,629
Grand View Dairy,Dairy,—,627
SCF — Butter Spur West,Other,—,627
John A Machado Dairy Farms,Dairy,—,624
Rock—Shar Dairy,Dairy,Dairy digester,620
Eddie Silveira Family Dairy,Dairy,—,620
Robert Vander Eyk Dairy,Dairy,Dairy digester,618
"Coalinga Feed Yard, Inc.",Other,—,618
Circle A Dairy,Dairy,Dairy digester,614
Rancho Sierra Vista Dairy,Dairy,Dairy digester,614
Mario Simoes Family Dairy #1,Dairy,Dairy digester,610
Vander Tuig Dairy,Dairy,—,605
Edward Nunes Dairy,Dairy,—,604
Val Martins Dairy,Dairy,Manure management,602
LegenDairy South,Dairy,—,602
4K Dairy Farm Partnership,Dairy,Dairy digester,599
Legend Dairy Farms,Dairy,—,597
Angelo Vieira Dairy,Dairy,—,595
Hollandia Farms North Dairy,Dairy,Dairy digester,591
Ahlem Farms Vista,Dairy,Dairy digester,591
De Groot Dairies—North,Dairy,—,587
Boschma & Sons Dairy,Dairy,Dairy digester,586
A & M Farms Dairy,Dairy,—,586
Legacy Ranch 2 (Dairy),Dairy,Dairy digester,584
Bar None/Van Der Hoek Dairy,Dairy,Dairy digester,582
Alamo Farms,Dairy,Manure management,581
DJ Dairy,Dairy,—,581
Nunes & Sons Dairy,Dairy,—,581
Fagundes Dairy,Dairy,—,580
Frank N Rocha Dairy LP,Dairy,Manure management,578
Lumar Dairy Farms,Dairy,—,578
Highstreet Dairy,Dairy,—,578
DeGroot Dairies—South,Dairy,Dairy digester,577
Milk Made Dairy,Dairy,—,576
"Wickstrom Jersey Farms, Inc.",Dairy,Dairy digester,572
Parreira Dairy,Dairy,—,569
DDW Farms LLC Dairy,Dairy,—,567
Moonstone Dairy,Dairy,—,567
Yokum Dairy,Dairy,Dairy digester,566
Souza's Dairy,Dairy,—,565
Tony Morris Dairy,Dairy,—,564
Flint Dairy,Dairy,Dairy digester,562
Dyt Dairy,Dairy,—,560
De Jong Dairy Farms Inc.,Dairy,—,559
Kootstra Dairy,Dairy,—,557
Alexandre Dairy,Dairy,Manure management,552
Brian James Jongsma Dairy,Dairy,Manure management,551
Live Oak Dairy F,Dairy,—,550
Henry Jongsma And Son Dairy,Dairy,—,548
Triple H Dairy #1,Dairy,—,547
Joshua and James Jongsma Dairy,Dairy,—,544
Thommen Dairy,Dairy,Manure management,543
Alta Sierra Dairy,Dairy,—,541
Poplar Lane Dairy,Dairy,Dairy digester,539
Rio Blanco Dairy,Dairy,Dairy digester,539
Sweet Haven Dairy,Dairy,—,539
"Tri BAK Dairy, LLC",Dairy,—,537
Ansonea Dairy,Dairy,—,532
Haringa Dairy,Dairy,—,532
Avenue 128 Dairy,Dairy,—,531
Edwin Brasil Dairy,Dairy,—,530
Tulare Sales Yard Inc.,Other,—,528
Coelho Frank & Sons L.P.Dairy,Dairy,Manure management,527
Hoogendam Dairy,Dairy,Dairy digester,526
Delta View Farms Dairy,Dairy,—,526
Oakbend South Dairy,Dairy,—,525
Cross A Dairy,Dairy,—,523
Van Exel Dairy #1,Dairy,—,523
Petrissans Dairy,Dairy,—,521
Cameiro Heifer Ranch,Other,—,521
Martins Bros Dairy,Dairy,—,521
River Oaks Dairy,Dairy,—,521
Matos Dairy,Dairy,Manure management,520
5 H Farms,Dairy,Dairy digester,518
Double Creek Dairy,Dairy,—,517
Rainimade Dairy,Dairy,Manure management,516
6—X Dairy #1,Dairy,—,516
Tristar Dairy,Dairy,—,515
Five Star Dairy,Dairy,—,512
B—6 Dairy,Dairy,—,511
Overland Stock Yard,Other,—,511
Clauss Dairy Farms,Dairy,Dairy digester,510
"Borba Cattle Company, LP",Dairy,—,510
Hynes Dairy,Dairy,—,509
Mancebo Holsteins #1,Dairy,—,509
Richard Westra Dairy,Dairy,—,509
Whiteside Dairy,Dairy,Dairy digester,508
Marvo Holsteins Dairy,Dairy,—,506
Dennis Boertje & Son Dairy,Dairy,—,505
Lou—Mar Dairy,Dairy,—,505
JVJ Dairy #2 — Parkview Dairy,Dairy,—,505
Green Valley Dairy,Dairy,—,501
Sun Valley Dairy,Dairy,—,501
Gold Medal Ag #1 Dairy,Dairy,Dairy digester,499
Homen Dairy Farms LP,Dairy,Dairy digester,499
140 Cattle Co.,Other,—,499
"Kiss Cattle, LLC",Other,—,498
Mellema Dairy,Dairy,Dairy digester,496
Foster Dairy Farms #6,Dairy,—,495
Robinson Calf Ranch,Other,—,495
Milk Maid Dairy,Dairy,—,494
VP Farms Dairy,Dairy,—,494
Robinson Feedlot — 3R Cattle,Other,—,488
Cowlifornia Dairy LLC,Dairy,—,487
Sierra View Dairy,Dairy,Manure management,486
Triangle M Dairy,Dairy,—,482
Endeavor Gold Dairy,Dairy,—,482
Frank J. Borges Dairy North,Dairy,—,480
"River Rock Ranch, LLC",Dairy,Dairy digester,479
Borges Dairy,Dairy,—,478
John Silveira Dairy Inc,Dairy,Manure management,476
Stiefel Dairy,Dairy,—,474
Frank S. Brown Co. Dairy,Dairy,—,473
El Monte Dairy,Dairy,Dairy digester,472
Mountain View Dairy,Dairy,—,472
Phoenix Dairy,Dairy,—,469
Dairy Central,Dairy,—,468
Fiscalini Farms,Dairy,—,468
River Oak Dairy,Dairy,—,468
Rob Van Grouw Dairy,Dairy,Dairy digester,466
Fernridge Farms,Dairy,—,466
Pacheco Dairy,Dairy,—,466
P & M Dairy,Dairy,—,465
Pete Vander Poel Dairy,Dairy,—,463
Jose V. Silveira Dairy,Dairy,Manure management,462
West Creek Dairy,Dairy,—,458
Borba Dairy,Dairy,—,456
Rocking S Dairy #2,Dairy,—,454
Chino Valley Dairy #3,Dairy,—,450
Oostdam Dairy,Dairy,—,450
Fred Rau Dairy,Dairy,—,450
John Jongsma Dairy,Dairy,—,448
Faria Farms Inc. Dairy,Dairy,—,448
River Valley Dairy,Dairy,—,448
Vander Schaff Dairy #2,Dairy,—,448
Miranda Dairy,Dairy,Manure management,444
Tierra Buena Ranch,Dairy,—,443
Blue Sky Dairy,Dairy,Manure management,442
Valadao Dairy,Dairy,Dairy digester,442
Affentranger & Sons Dairy,Dairy,—,440
Goedhart Dairy,Dairy,—,440
Hilltop Holsteins Dairy,Dairy,—,438
Mt. Whitney Dairy,Dairy,Manure management,437
Melo Dairy,Dairy,Dairy digester,437
Alamo Dairy,Dairy,Manure management,433
F M Ranch #5,Dairy,—,433
Crossview Dairy,Dairy,—,433
LEGENDAIRY FARMS DAIRY,Dairy,—,432
Blue Moon Farms,Dairy,—,430
Pires Dairy,Dairy,—,429
Joe V Pimentel Dairy,Dairy,—,427
High Roller Dairy,Dairy,Dairy digester,424
Jim Bootsma Jr Dairy,Dairy,—,422
"Dutra Farms, Inc.",Dairy,—,421
Dick Van Dam Dairy,Dairy,—,419
De Jong Bros Dairy,Dairy,—,417
Joe Simoes Family Dairy,Dairy,—,417
Pacific Sun Dairy,Dairy,—,416
J&D Wilson Dairy #2,Dairy,—,415
Lu — AR Dairy,Dairy,—,415
"Milkaholic Dairy, LLC",Dairy,—,413
Sunwest Jersey Dairy,Dairy,—,413
Rosa Dairy,Dairy,—,413
Frank J Borges Dairy,Dairy,—,410
Oakview Dairy,Dairy,—,410
Rivercrest Cattle Co.,Dairy,Manure management,409
Coelho Farms Dairy,Dairy,—,408
Garcia's Registered Jerseys,Dairy,—,408
Arthur Leyendekker Dairy,Dairy,Dairy digester,406
Martins View Jersey Dairy,Dairy,—,405
Generations Dairy,Dairy,—,404
Joe O Rocha Dairy Inc.,Dairy,—,403
John & Nicole Santos Dairy,Dairy,—,402
Prime Cattle LLC,Other,—,400
Northview Dairy,Dairy,—,398
Vaca Linda Dairy,Dairy,—,398
"California Dairy Farms, LLC",Dairy,—,398
Legend Dairy Farm,Dairy,—,398
Mellema Calf Ranch,Other,—,398
Georgenson Dairy,Dairy,—,398
Sozinho Dairy #1 and #3,Dairy,—,398
Patrick Bert Heifer Ranch,Other,—,396
"Pinnacle Dairy, LP",Dairy,—,396
Jaques & Silva Dairy,Dairy,—,396
Holland's Dairy,Dairy,—,394
Chris De Jong Dairy,Dairy,—,394
O & S Holsteins,Dairy,—,394
Faial Farms Dairy,Dairy,—,392
De Snayer Dairy,Dairy,Manure management,391
Avila Family Dairy,Dairy,—,391
A & M De Souza Dairy,Dairy,—,391
East Ridge Farms,Dairy,—,391
T & M Borba Dairy,Dairy,Manure management,390
Silva Dairy Farms #3A,Dairy,Manure management,390
Western Pacific Dairy,Dairy,—,390
GTA Dairy,Dairy,—,389
Manuel Morris Dairy,Dairy,Manure management,388
Schott Dairy,Dairy,Dairy digester,386
Trinkler Dairy Farms,Dairy,Dairy digester,385
SD Farms II,Dairy,—,385
Soares Dairy,Dairy,—,384
Jesse & James Jongsma Dairy,Dairy,Manure management,383
"River Rock Ranch, LLC",Dairy,—,381
Sozinho Dairy #2,Dairy,—,381
Parreira & Gaspar Dairy,Dairy,—,380
William Koot Dairy — Holland,Dairy,—,380
GH Dairy #5,Dairy,—,379
Jose & Teresa Soares Dairy,Dairy,—,377
"New Hope Dairy, LLC",Dairy,—,377
Pacheco & Fagundes Dairy,Dairy,—,376
Jacobus Degroot Dairy #1,Dairy,—,375
Carl Vieira Dairy,Dairy,—,374
Yettem Dairy,Dairy,—,374
Triple J Creek Dairy,Dairy,—,371
Live Oak Dairy G,Dairy,—,371
W.J. Dairy #2,Dairy,—,371
Cream Top Dairy,Dairy,—,369
GM Silva Dairies #2,Dairy,Manure management,367
Parreira Gaspar Dairy,Dairy,—,367
Morning Star Dairy,Dairy,—,367
Double Cross #6,Dairy,—,366
Scott Bros Dairy,Dairy,—,366
Westwind Dairy,Dairy,—,365
"Ruann Dairy, LLC",Dairy,—,365
Wagner Dairy,Dairy,Manure management,364
Elk Creek Dairy,Dairy,—,364
G—P Dairy,Dairy,—,364
Postma Dairy #2,Dairy,—,364
G & A Dairy,Dairy,—,364
Manuel & Jeannette Borges Dairy,Dairy,—,363
Medeiros Dairy,Dairy,—,362
Sierra Vista Dairy LP,Dairy,Manure management,361
F & S Brasil Dairy,Dairy,Manure management,361
Joe Da Silva Dairy (Dodds Rd),Dairy,Manure management,359
Nunes Bros. Dairy,Dairy,—,358
Rijlaarsdam Dairy,Dairy,—,358
Mello Ranch,Other,—,356
Monteiro Bros. Dairy #1,Dairy,—,356
John Brasil & Sons Dairy,Dairy,—,355
Creekside Dairy,Dairy,—,355
Tiva Dairy,Dairy,—,355
Lima Ranch,Dairy,Manure management,354
Rib—Arrow Dairy,Dairy,Dairy digester,354
Homestead Dairy,Dairy,—,354
Forebay Farms Dairy,Dairy,—,354
Hoekstra Dairy,Dairy,—,354
Carlos Lourenco Dairy,Dairy,—,353
East View Dairy,Dairy,—,353
Bidart Dairy No. 3,Dairy,—,352
Fagundes Bros. Dairy #1,Dairy,—,351
Casa Blanca Cattle Company,Other,—,351
Azevedo Dairy,Dairy,—,351
Silveira Dairy,Dairy,Manure management,348
Dutch Dairy,Dairy,—,348
Rocking S Dairy #1,Dairy,—,347
Boersma Dairy,Dairy,—,346
Vitor Borba Dairy #2,Dairy,—,344
"The Dairy, Inc.",Dairy,—,344
Vieira Dairy Farms,Dairy,—,344
Red Rose Dairy,Dairy,—,343
Faria West,Dairy,—,341
Little Rock Dairy,Dairy,Dairy digester,340
Chino Valley Dairy #1,Dairy,—,340
West Lake Cattle Company LLC,Other,—,340
Terra Linda Dairy,Dairy,—,337
Big De Cattle Dairy,Dairy,—,337
"Jackson Dairy, LLC",Dairy,—,336
"Ackerman Dairy, Inc.",Dairy,Dairy digester,335
Golden State Dairy,Dairy,—,335
Tony Cox Dairy #4,Dairy,—,333
Delta View Farms #3,Dairy,—,333
Foster Dairy Farms #5,Dairy,—,333
Bill Idsinga Dairy,Dairy,—,333
Soares Dairy #3,Dairy,—,332
Performance Cattle Co.,Other,—,331
Top O' The Morn Farms,Dairy,—,331
Double B Dairy,Dairy,Manure management,330
Antonio Azevedo Dairy #2,Dairy,—,330
Visalia Livestock Market,Other,—,330
Brentwood Farms Dairy,Dairy,—,330
Merritt Ranch Feedlot,Other,—,330
Traver Cattle Ranch,Other,—,330
Orland Livestock Commission Yard,Other,—,330
Machado Dairy Farms #3,Dairy,—,330
Live Oak Dairy E,Dairy,—,330
Double D Jerseys,Dairy,—,329
Alves & Son Dairy #2,Dairy,—,329
Pacific Coast Calf Ranch,Other,—,327
Edelweiss Dairy,Dairy,—,327
Sozinho Dairy #5,Dairy,—,327
De Wit Dairy,Dairy,Manure management,326
Joe R. Garcia Dairy,Dairy,—,326
A & B Heifer Ranch,Other,—,325
M Bar 9 Dairy,Dairy,—,324
Andrew Zylstra Dairy Inc. #1,Dairy,Manure management,322
Sousa Dairy,Dairy,—,321
3H Cattle Co,Other,—,320
Gerrit Visser & Sons Dairy,Dairy,—,320
Triangle S Dairy LLC,Dairy,—,320
AJ Slenders Dairy,Dairy,—,319
Sozinho Jerseys Dairy,Dairy,—,319
Legend Dairy Farms,Dairy,—,318
Joaquim Mattos & Family Dairy,Dairy,—,317
McClelland Dairy,Dairy,—,317
Pond Heifer Ranch,Other,—,317
Alberto Dairy,Dairy,—,316
Williams Family Dairy #2,Dairy,—,316
JD Mello Dairy,Dairy,—,316
Maximinio Silviera Dairy,Dairy,—,316
Van Tol Dairy No 2,Dairy,—,316
Gerrit Hofman Dairy,Dairy,—,315
Fagundes Bros. Dairy #3,Dairy,—,314
Sunrise Dairy,Dairy,—,314
4—H Calf Ranch,Other,—,312
Henry Veenendaal Dairy,Dairy,—,311
Bear 5 Feedlot,Other,—,310
Teunissen Ranch,Other,—,310
Machado Dairy Farms #1,Dairy,—,309
AJF Dairy,Dairy,—,308
E & R Prins Dairy #1,Dairy,—,308
Westwood Farms LLC (Dairy),Dairy,Manure management,307
M.F. Rosa Dairy,Dairy,—,307
SB Farms,Dairy,—,307
Jacobus de Groot Dairy #2,Dairy,Dairy digester,304
Elbow Creek Dairy,Dairy,—,304
Oakbend Dairy,Dairy,—,304
Joe & Renee Barroso Dairy,Dairy,—,303
Wagner Dairy #2,Dairy,—,303
Healy Ranch,Dairy,—,303
Edwin H Smith & Sons Dairy,Dairy,—,303
Double G Dairy,Dairy,—,303
Machado Dairy,Dairy,—,303
Dirk—C Holsteins Operations,Dairy,—,302
Kisst Dairy,Dairy,—,301
John Vander Schaaf #3 Dairy,Dairy,—,300
J & J DeRaadt Dairy,Dairy,—,300
Frank C. Lawrence Dairy,Dairy,—,300
Martin Land and Cattle,Dairy,—,300
SBS AG Dairy,Dairy,Manure management,299
Frank Azevedo Dairy,Dairy,—,299
Black Diamond Dairy,Dairy,—,299
Double G Dairy,Dairy,—,298
MS Monteiro & Sons Dairy,Dairy,—,298
Fernjo Dairy #1,Dairy,—,297
Manuel Azevedo Dairy,Dairy,—,296
Vieira Dairy Farm,Dairy,—,296
Double N Dairy,Dairy,—,296
Hidden Valley Cattle,Other,—,295
Manuel Oliviera Dairy,Dairy,Manure management,293
Domingos Ribeiro Dairy,Dairy,—,292
Eden—Vale Dairy,Dairy,—,289
Live Oak Dairy D,Dairy,—,289
"Staas Farms, Inc.",Dairy,—,288
GH Dairy #2,Dairy,—,286
Alvaro Machado Dairy,Dairy,—,286
A.T.O Dairy,Dairy,—,286
Roest Family Dairy,Dairy,—,284
"Diamond S Ranch, Inc.",Dairy,—,284
Dias and Sons Dairy,Dairy,—,283
Arthur Vitoria Dairy,Dairy,—,282
Bapu Farming,Other,—,282
Roestar Dairy,Dairy,—,282
Albert Mendes Dairy,Dairy,Dairy digester,281
Albert Goyenetche Dairy #2,Dairy,—,281
S & S Dairy Inc,Dairy,Dairy digester,280
Ag Recycle Inc,Other,—,280
Cuyama Dairy,Dairy,—,280
"Joe Simoes & Sons Dairy, Inc.",Dairy,—,280
Art Silva Dairy,Dairy,Manure management,278
Alfred C Nunes Dairy,Dairy,—,278
Sozinho Jerseys,Dairy,—,277
Dixie Creek South Dairy,Other,—,276
Mello D Jerseys,Dairy,—,275
D & D Holsteins Dairy,Dairy,—,275
Van Warmerdam Dairy (McKenzie Rd),Dairy,—,275
Rui and Jennifer Brasil Dairy,Dairy,—,274
"Faria Dairy, Inc #1",Dairy,—,274
Toste Dairy,Dairy,—,274
Blue Star Dairy,Dairy,—,274
T & W Farms #2 Dairy,Dairy,—,273
Little H Dairy,Dairy,—,272
Koolhaas Dairy,Dairy,—,272
A & C Machado Dairy,Dairy,Dairy digester,271
Lawrence Family Farms Dairy,Dairy,Manure management,271
Contente & Company Dairy,Dairy,—,271
Mendonsa Family Farms Dairy,Dairy,—,271
Jim Bakker Dairy,Dairy,—,270
Frank Konyn Dairy,Dairy,—,268
Doornenbal Dairy,Dairy,—,267
Adriano Nunes & Son Dairy Farming,Dairy,—,267
"Western Milling LLC., dba Goshen West Ranch",Other,—,267
Tony Cox Family Dairy #3,Dairy,—,266
Nyman Brothers Dairy,Dairy,Dairy digester,265
Double N Dairy II,Dairy,—,264
GH Dairy #4,Dairy,—,264
Double Cross Dairy,Dairy,—,263
3A Teixeira Dairy,Dairy,—,262
Joe Oliveira Dairy,Dairy,Dairy digester,261
Silva Brothers Dairy,Dairy,Manure management,261
Hakker Dairy,Dairy,—,261
"Flatland Farms, LLC",Dairy,—,261
A.M. Dairy,Dairy,—,261
Mancebo Holsteins #2 Dairy,Dairy,—,261
Jose Ribeiro & Son Dairy,Dairy,—,261
Four J Jerseys Dairy #2,Dairy,—,261
White River,Other,—,261
Manuel & Maria Cardoso & Sons Dairy,Dairy,—,259
Art Silva and Son Dairy,Dairy,—,259
Antonio Ribeiro Dairy,Dairy,—,258
Joe and Pauline Meirinho Dairy,Dairy,Manure management,257
Twin Star Dairy,Dairy,—,257
Panama Ranch Dairy,Dairy,—,256
Legacy Holsteins,Dairy,Dairy digester,255
Alfred Soares Dairy,Dairy,Manure management,253
Azevedo Dairy,Dairy,—,253
J&T 2009 Irrevocable Trust DBA Paradise Dairy,Dairy,—,253
"Cressey River, LLC Dairy",Dairy,—,253
Tony & Julie Jorge Dairy,Dairy,—,253
"All Seasons Logistics, LLC",Dairy,—,253
Luis M. Azevedo Dairy,Dairy,—,253
Raphael Pacheco Dairy,Dairy,—,252
County Line Cattle,Other,—,251
Monteiro Bros. Dairy #2,Dairy,—,251
Brasil's Udder Dairy,Dairy,Dairy digester,250
Eugenio Azevedo Dairy,Dairy,—,250
6D Dores Dairy,Dairy,—,249
White Gold Dairy,Dairy,—,249
Fagundes Bros. Dairy #4,Dairy,—,248
Grimmius Cattle Company — West Ranch,Other,—,248
Borba Brothers Dairy,Dairy,—,247
GH Dairy — Hemet,Dairy,—,246
Cal—Denier Dairy LLC,Dairy,Manure management,245
Machado Farms Dairy,Dairy,Manure management,245
Golden Star Dairy,Dairy,—,245
Frank & Carol Borba Dairy,Dairy,—,244
Borges Farms,Dairy,—,244
Legend Dairy Farms,Dairy,—,244
Grizzle Feedlot,Other,—,244
Correia Family Dairy,Dairy,Manure management,243
Peterson Dairy,Dairy,—,243
Evaristo Vaz Dairy,Dairy,Manure management,242
Alexandre Acres,Dairy,—,242
Kaehler Dairy Farm,Dairy,—,242
Barreto & Silveira Dairy,Dairy,—,241
Diamond J Dairy LLC,Dairy,Manure management,240
Lopes Family Dairy,Dairy,—,240
Postma Dairy #1,Dairy,Manure management,239
Alves & Son Dairy,Dairy,—,239
Hettinga Holtville Cattle Feeders,Other,—,239
Bartelink Dairy,Dairy,—,237
Dematos Dairy,Dairy,—,237
Frank Gwerder Dairy,Dairy,—,237
Verburg and Sons Dairy,Dairy,—,237
T—Bar Dairy,Dairy,—,236
Lerda—Goni Farms Dairy,Dairy,—,236
Expressway Dairy,Dairy,—,235
Migliazzo & Sons Dairy,Dairy,—,234
Ehrlich Dairy,Dairy,—,234
Manuel Mendes Dairy,Dairy,—,232
Spaletta Ranch,Dairy,—,232
"Turlock Livestock Auction Yard, Inc.",Other,—,232
Hacienda Yard,Other,—,231
Delta Woods Dairy,Dairy,—,231
Teunissen Ranch #2,Other,—,231
SCF— Beef Eaters Yard,Other,—,231
North Tri Palm Dairy,Dairy,—,230
SIMOES SANDLIN FAMILY FARMS DAIRY,Dairy,—,230
Sandy Mush Crosses,Dairy,—,230
Renati Dairy,Dairy,Manure management,229
T H Mello Dairy,Dairy,—,229
Couchman Farms,Dairy,—,228
Mertens Dairy,Dairy,—,227
Tripalm Dairy,Dairy,Manure management,225
John Brasil & Sons Dairy #2,Dairy,—,225
Silva's Holsteins,Dairy,Manure management,224
M5 Dairy,Dairy,—,224
Tiemersma Dairy,Dairy,—,224
Nunes Bros Inc Dairy,Dairy,—,223
PH Ranch #2,Dairy,—,223
Henry A. Garcia Dairy,Dairy,Manure management,222
Kerman Cattle Company,Dairy,—,222
Ben Mendonca & Family Dairy,Dairy,—,221
Hills Ferry Ranch,Other,—,221
North Moon Dairy,Dairy,—,218
Jordao Dairy,Dairy,Manure management,216
Fagundes Bros. Dairy #2,Dairy,—,216
MTSJ Dairy/ Maarten Poldervaart Dairy,Dairy,—,216
CSJ Dairy,Dairy,—,215
Tony & Fatima Garcia Dairy,Dairy,—,215
Cross Creek Dairy,Dairy,—,215
Vitor Borba Dairy,Dairy,—,214
Frank L. Pires III Dairy,Dairy,—,214
Peter de Visser Dairy,Dairy,—,212
Bar E Dairy,Dairy,—,212
Joe Henriques Dairy,Dairy,—,212
John & Maria Machado Dairy,Dairy,—,212
Nutcher Farms,Dairy,—,212
Nunes & Sons Dairy Inc.,Dairy,—,211
Mulas Dairy,Dairy,—,211
Banos Dairy,Dairy,—,209
Gordon Hay Inc Dairy #8,Dairy,—,209
Goncalves Dairy,Dairy,—,209
Alexandre Ecodairy,Dairy,—,208
Lasalle Dairy,Dairy,—,208
MB—Lucky Lady Farms,Dairy,—,207
Green Acres Dairy/El Dorado Dairy #1,Dairy,—,207
Joe Alamo,Dairy,—,206
Machado Dairy,Dairy,—,206
"California Dairy Farms, LLC",Dairy,—,206
Fanelli Dairy,Dairy,—,205
Lowe Cattle Company Inc.,Other,—,202
Echeverria Feedlot,Other,—,199
F & F Heifers,Other,—,198
A&M Livestock,Other,—,198
Masami Cattle Ranch,Other,—,198
Moreda Valley Dairy #1,Dairy,—,198
Riverbend East Dairy,Other,—,198
Live Oak Dairy B,Dairy,—,198
"Alden Peterson & Sons Dairy, Inc.",Dairy,—,197
F & L Barcellos Dairy,Dairy,—,197
Ed Machado Dairy,Dairy,—,197
Manuel Da Silva Dairy,Dairy,Manure management,196
Sherwood Ranch,Other,—,196
N & C Silveira Dairy,Dairy,Manure management,195
Rancho Terisita Dairy #3,Dairy,—,193
PARREIRA FARMS DAIRY,Dairy,—,193
Crane Villa Dairy,Dairy,—,193
Dutch Door Dairy,Dairy,—,193
Diamond L Dairy,Dairy,—,193
Frank Teicheira & Son Dairy,Dairy,—,193
"Pareira Dairy, LP",Dairy,—,193
Ornellas Dairy #1,Dairy,—,193
"J & J Toste Dairy, Inc.",Dairy,—,193
Van Der Hoek And Sons Dairy #1,Dairy,—,193
Sousa Family Dairy,Dairy,—,192
Gomes Dairy,Dairy,—,192
Fontes Dairy Farms—Dairy #1,Dairy,—,191
"Bar Vee Dairy, Inc.",Dairy,—,191
Trinkler Heifer Ranch,Other,—,191
T.D. Dairy,Dairy,—,191
White River Dairy,Dairy,—,190
Rick Jones Farms,Dairy,—,189
JNA Brasil Dairy,Dairy,—,188
"J and A Dairy, LLC",Dairy,—,188
MSFD Feedlot,Other,—,188
Larry Silveira Dairy,Dairy,—,188
Alves Dairy,Dairy,Manure management,187
Vitorino Dairy,Dairy,—,187
Double Cross #5,Dairy,—,187
Silveira Holsteins,Dairy,—,187
John Machado Dairy,Dairy,Manure management,186
Borba & Sons Dairy,Dairy,—,186
Jersey Creek Dairy,Dairy,—,186
Paradise Dairy,Dairy,—,186
J & Y Jimenez Dairy,Dairy,—,186
AM3,Dairy,—,186
Nascimento Dairy,Dairy,—,186
Live Oak Dairy C,Dairy,—,186
M4 Farms Feedlot,Other,—,185
Morrison Brothers Dairy,Dairy,—,185
Sid De Boer Dairy,Dairy,—,184
DeBernardi Dairy,Dairy,—,184
Frank J Bettencourt & Sons Dairy,Dairy,—,184
Hettinga Brawley Heifer Ranch,Other,—,184
F & A Lemos Dairy,Dairy,—,184
Van Steyn Dairy,Dairy,—,184
New Dawn Dairy,Dairy,—,183
Diamond B Dairy,Dairy,—,182
C&R Dairy,Dairy,—,182
Top Of The Line Dairy,Dairy,—,182
Pinheiro & Deniz Dairy,Dairy,—,182
Carlos and Deolinda Lopes Trust Dairy,Dairy,Manure management,180
Lander Heifer Ranch,Other,—,180
Lucas Dairy,Dairy,—,180
John Mendonca & Son Dairy,Dairy,—,180
Zylstra Andrew Dairy #2,Dairy,Manure management,179
G & H Dairy #2,Dairy,—,179
T & C Louters Dairy,Dairy,Manure management,178
Art Silva Dairy #2,Dairy,Manure management,177
Antonio Garcia Dairy,Dairy,—,177
Legacy Dairy,Dairy,—,177
Inderbitzen Farms,Dairy,—,176
Outback Ranch,Other,—,176
"Wyeth Dairy, Inc.",Dairy,—,176
Soares Dairy Farms Inc,Dairy,Manure management,175
"GJC Dairy, Inc.",Dairy,—,175
Double Cross #2,Dairy,—,175
S & S 2 Dairy,Dairy,—,175
B & J Dairy,Dairy,—,174
DS Farms LP,Dairy,Manure management,173
Nunes Dairy,Dairy,Manure management,172
A. B. Brazil Dairy,Dairy,—,172
Carvalho Dairy,Dairy,—,172
Eleanor Ranch,Other,—,172
John Brasil Dairy #3,Dairy,—,171
Outlaw Dairy,Dairy,—,171
Tipton Dairy,Dairy,—,171
Ken Van Foeken Dairy #2,Dairy,—,171
Shirk Dairy,Dairy,—,169
Goyenetche Dairy #2 Ramona,Dairy,—,169
Back Road Dairy,Dairy,Manure management,168
Reservation Ranch,Dairy,—,168
Machado Gabriel & Sons Dairy,Dairy,—,168
Fagundes Agribusiness Dairy,Dairy,—,167
Vida Boa Dairy #1,Dairy,—,167
M&N Miranda Dairy,Dairy,—,167
Oliveira Dairy,Dairy,Manure management,166
Magneson Dairy,Dairy,Manure management,165
Frank Chaves & Sons Dairy #1,Dairy,—,165
Durrer Dairy,Dairy,—,165
Island Dairy,Dairy,—,165
Meikle Ranch,Dairy,—,165
R & S Dairy LLC,Dairy,—,165
Tavares Farms Partnership Dairy,Dairy,—,165
Azevedo Family Dairy,Dairy,—,165
Silva & Son Dairy,Dairy,—,164
Daniel Brazil Dairy,Dairy,—,164
Joe and Maria Mendonca Dairy,Dairy,—,164
Foster Dairy Farms #2,Dairy,—,162
A P Avila and Sons Dairy,Dairy,—,161
Fernjo Heifers,Dairy,—,160
Bluegrass Dairy,Dairy,—,160
Luis C Nunes & Sons Dairy #2,Dairy,—,160
Stornetta Ranch #1,Dairy,—,160
Bosch Dairy,Dairy,—,159
Bosch Dairy #2,Dairy,—,159
Hettinga Green Road,Other,—,158
Nelson Farms,Dairy,—,158
TerriLinda Dairy,Dairy,—,158
Brindiero & Danbom Dairy Farms,Dairy,Manure management,157
George Nunes Dairy,Dairy,—,157
6—X Dairy #2,Dairy,—,157
Langworth Dairy,Dairy,—,157
Agresti Heifer Ranch,Other,Manure management,154
AC Enterprises Dairy,Dairy,—,154
Vevoda Holsteins Dairy,Dairy,—,154
Sunset Dairy,Dairy,—,153
Souza Bros Dairy,Dairy,Manure management,152
Deer Valley Dairy West,Dairy,—,152
Silva Brothers Dairy #3,Dairy,—,151
Lockwood III Dairy,Dairy,—,151
Bel R. Martin & Sons Dairy,Dairy,—,151
S & S Dairy #2,Dairy,—,151
Diniz Dairy,Dairy,—,150
Salvador Dairy (Monte Vista Rd),Dairy,—,150
Antone L Gomes and Sons Dairy,Dairy,Manure management,149
Kooyman & Son Dairy,Dairy,—,149
Willem Postma Dairy #2,Dairy,—,149
Triple C Ranch,Dairy,Manure management,147
Rijlaarsdam Feedlot,Other,—,147
M & A Dairy,Dairy,—,146
Pedretti Ranches,Dairy,—,146
"TRCC, INC.,",Other,—,146
Monster Dairy,Dairy,—,145
Full Circle Dairy,Dairy,—,145
Legend Dairy Farms,Dairy,—,145
D.V. Silveira and Son Dairy,Dairy,—,144
Mountain View Jerseys,Dairy,—,144
Vierra Dairy LLC #4,Dairy,—,143
De Carvalho Brothers Dairy,Dairy,—,143
TD6 Dairy,Dairy,—,143
Luis Correia Dairy,Dairy,—,142
John & Nicole Santos Dairy #2,Dairy,—,141
Jim Walker Dairy,Dairy,—,141
Marvo Holsteins #2,Dairy,—,141
"Azevedo Dairy, Inc.",Dairy,—,140
Antonio Azevedo Dairy #3,Dairy,—,140
"Nissen Dairy, Inc.",Dairy,—,140
Valley View Dairy,Dairy,—,140
Rainimade Dairy #2,Dairy,—,139
Frank Souza Dairy — Euclid,Other,—,139
Hettinga Ranch,Other,—,139
Mcfarland Dairy,Dairy,—,139
Curti Family Farms,Dairy,—,138
Doornenbal Dairy #3,Dairy,—,138
Robert Gioletti & Sons Dairy #2,Dairy,—,138
Vitoria Farms Dairy,Dairy,—,138
F & L Barcellos #2,Other,—,137
CMC Jerseys LLC,Dairy,—,136
John Borges Dairy,Dairy,—,135
J & F Martins Dairy #2,Dairy,—,135
Vogts Holstein Dairies #1,Dairy,—,135
Robert Giacomini Dairy Inc.,Dairy,—,134
PH Ranch #3,Dairy,—,133
River View Ranch,Other,—,132
Golden Star Dairy LLC #2,Dairy,—,132
F + S Brasil Dairy #2,Dairy,—,132
Sam Habib Cattle Co,Other,—,132
"OWB Ranches, LLC",Other,—,132
Pereira Family Dairy Feedlot,Other,—,132
S A S Dairy #2,Dairy,—,132
Amos Brothers Dairy,Dairy,—,131
Live Oak Dairy A,Dairy,—,131
Gil Tex Dairy,Dairy,—,131
Toledo Dairy,Dairy,Manure management,129
Diamond O Dairy,Dairy,—,129
Pires Dairy Farms Heifer Ranch,Other,—,129
"George Bianchi, Inc. Home Ranch",Dairy,—,128
Robert L Silva Dairy,Dairy,—,128
Southwest Dairy Inc,Dairy,—,128
Hansen & Sons Dairy,Dairy,—,127
Vierra Dairy Farms #2,Dairy,—,127
Ken Van Foeken Dairy,Dairy,—,126
JB Dairy,Dairy,Manure management,125
Gordon Dairy #5,Dairy,—,125
FM Ranch Dairy #1,Dairy,—,125
ED Paulo & Sons Dairy,Dairy,—,125
"Cahill Organic Dairy — Fulmor Road, Ferndale",Dairy,Manure management,124
Jade Jersey Dairy,Dairy,—,124
Da Rosa Dairy,Dairy,—,124
Nevada Heights,Other,—,124
Valentine Dairy,Dairy,—,124
P & D Dairy,Dairy,—,124
Silveira Dairy,Dairy,—,124
Joe Pacheco #2,Dairy,—,124
"Joe C. Pires, Jr., Dairy",Dairy,—,124
Souza Dairy,Dairy,—,122
Dutra & Dutra Dairy,Dairy,—,121
Double D Dairy #2,Dairy,Manure management,120
Caton Farms Dairy,Dairy,Manure management,120
Hath Dairy,Dairy,Manure management,120
P&D Dairy West,Dairy,—,120
Mendes & Toste Dairy,Dairy,—,120
Double M Jerseys Dairy,Dairy,—,120
F & F Machado Farms,Other,—,119
Four Star Dairy #3,Dairy,—,119
Hale Dairy,Dairy,—,118
Sierra Rose Dairy,Dairy,—,118
FM Ranch #3,Dairy,—,117
"Da Silva Dairy Farms, LLC #3",Dairy,—,117
Brooks & Erman Ranch,Dairy,—,117
Dream Dairy,Dairy,—,117
Gentle Breezes Dairy,Dairy,—,116
Soares Dairy Farms,Dairy,—,116
GH Dairy #6,Dairy,—,115
Mel—Tina Dairy,Dairy,—,115
Chris Verboom Dairy,Other,—,115
Lafranchi Ranch,Dairy,Manure management,114
Joe Gomes Dairy #1 (Swanson Rd),Dairy,—,114
Barcelos Dairy,Dairy,—,114
John Mattos Dairy — Diamond M Dairy — Hammel Road,Dairy,—,114
Legend Dairy Farms,Dairy,—,114
A & L Dairy,Dairy,Manure management,113
Neves Dairy,Dairy,—,113
Lemos Jerseys,Dairy,—,113
Staas Farms,Dairy,—,113
Van Exel Dairy #2,Dairy,—,113
Van Steyn Dairy No. 2,Dairy,—,113
Zuppan Dairy,Dairy,Manure management,112
A&C Machado Dairy #2,Dairy,—,112
Double Cross #3,Dairy,—,111
Eugenio Azavedo Dairy #4,Dairy,—,111
Stone Corral,Other,—,111
Fragoso Dairy #2,Dairy,—,110
Fernjo Dairy #3,Dairy,—,110
IVY STAR Dairy,Dairy,—,110
Lima Dairy / A & L Dairy,Dairy,—,110
Vida Boa #2 Dairy,Dairy,—,110
El Dorado Dairy #2,Dairy,—,109
Sam Kooistra Dairy,Dairy,—,109
Scilacci Dairy,Dairy,—,109
Santa Anita Dairy,Dairy,—,107
Coppini Lane Jerseys,Dairy,—,107
Gordon Dairy #3,Dairy,—,107
Sepeda Brothers Dairy,Other,—,107
Vitorino & Sons Dairy,Dairy,—,107
Aguiar Dairy Feedlot,Other,—,106
J—D Brasil Dairy,Dairy,—,106
Gerald Spaletta Dairy,Dairy,—,106
Pahrump Heifer Ranch,Other,—,106
Hidden Valley Heifer Ranch,Other,—,106
Spaletta Cypress Lane Ranch,Dairy,—,106
Kehoe Dairy Inc. (J Ranch),Dairy,—,106
Double D Dairy,Dairy,—,105
F & M Areias Dairy,Dairy,—,105
Anthony & Robert Brazil Dairy/Sunshine Dairy,Dairy,—,105
Leonardi Dairy,Dairy,Manure management,104
R & R Ranch,Other,—,104
Pimentel Dairy,Dairy,—,104
Boldrini Dairy,Dairy,—,103
Van Exel Dairy #3,Dairy,—,103
Santos Jer—Z Dairy,Dairy,—,103
Lone Tree—Favier Ranch,Other,—,102
Three D Dairy #2,Dairy,—,102
Larry B. Peterson Dairy Farms #2,Dairy,—,102
Broken Box Ranch,Other,—,100
Johal Dairy,Dairy,—,100
Neil McIsaac & Son Inc.,Dairy,—,100
Rancho Del Sol,Other,—,100
Matos Brothers Dairy,Dairy,—,100
Johnson & Neles Dairy,Dairy,—,99
"W—D Ranch, Inc.",Dairy,—,99
Joseph Camozzi Dairy,Dairy,—,98
Chino Valley Dairy #2,Dairy,—,98
J & M Dairy,Dairy,—,98
TRI—J Dairy,Other,—,98
Sea Mist Organics,Dairy,—,97
RELM Dairy,Dairy,—,95
Koolhaas Dairy #2,Dairy,—,94
L & L Pires Dairy,Dairy,—,94
Arlinda Holsteins,Dairy,—,94
M & A Dairy #2,Dairy,—,93
Antonio Azevedo Dairy #4,Dairy,Manure management,92
Emanuel Belo,Other,—,92
Couto Dairy,Dairy,—,92
JLT Ranch,Dairy,—,92
Deer Valley Dairy East,Dairy,—,92
Mazzetta Dairy,Dairy,—,92
Simoes Dairy — Riverside,Dairy,—,92
Silva Ranch,Other,—,92
Wickstrom — Caetano Feedlot,Other,—,92
Antero Borges Dairy,Dairy,—,91
Nature's Clover Dairy,Dairy,—,91
Da Silva Dairy Farms LP Dodds Heifer Ranch,Other,Manure management,90
JZB #2 Heifer Ranch,Other,—,90
Doornenbal Dairy #2,Dairy,—,89
Ielmorini Moody Ranch,Dairy,—,89
MDF Feedlot,Other,—,89
Diamond B Dairy,Dairy,—,89
Crystal View Dairy (former F & J #3),Dairy,—,88
Leonardo Bros Dairy,Other,—,88
Pacheco & Associates II Heifer Ranch,Other,—,88
Correia Dairy,Dairy,—,87
Hawkins Ranch,Dairy,—,87
5N Cattle,Other,—,87
Gordon Dairy #9,Other,—,86
Silacci Dairy,Dairy,—,86
Manuel & Jeannette Borges Dairy #2,Dairy,—,85
College of The Sequoias Dairy,Other,—,85
John Silveira Dairy Inc #2,Other,—,85
King Dairy,Dairy,—,85
Spring Hill Jersey Cheese,Dairy,—,85
John & Natalie Toste,Dairy,—,85
Guess Cattle,Other,—,84
Mcree East Dairy,Dairy,—,84
"J Y Jimenez Dairy, Inc.",Dairy,—,84
Robert McClelland Dairy,Dairy,—,84
Dasilva Dairy Farms LLC #2,Dairy,Manure management,83
Godinho Heifer Ranch,Other,Manure management,83
Live Oak Dairy H,Dairy,Manure management,83
Gold Medal Ag LLC Crows Landing,Dairy,—,83
Diamond Point Dairy,Dairy,Manure management,82
Blue Sky Dairy #2,Dairy,—,82
Azevedo Farms,Dairy,—,82
Tony Oliviera Jr. Dairy,Dairy,—,82
Frea Dairy LLC,Dairy,—,81
Luis A Pimentel Dairy,Dairy,—,81
"Den—K Holsteins, Inc.",Dairy,Manure management,80
Western Stockman's Market,Other,—,80
Amaral Dairy Farms,Dairy,—,80
Denizma Dairy / Bud Postma Dairy,Dairy,—,80
Frank Borges Heifer Ranch,Other,—,79
P & D Dairy #3,Other,—,79
Pixley Heifer Ranch,Other,—,79
Gorzeman Cattle (Dairy),Other,—,79
Rocha Bros. Farm,Dairy,—,79
Joao Sousa Dairy,Dairy,—,79
DB Heifer Ranch,Other,—,78
Bordessa Dairy,Dairy,—,78
Joe Egli and Sons Dairy,Dairy,—,78
McIsaac Dairy,Dairy,—,78
Moretti Family Dairy,Dairy,—,78
Lourenco/Wickstrom Dairy #4,Dairy,—,78
Beretta Dairy,Dairy,Manure management,77
Brodt Dairy East,Dairy,Manure management,77
Vierra Dairy Farms #3,Dairy,Manure management,77
Brazil Dairy,Dairy,—,77
Joao Cardoso Dairy Inc.,Dairy,—,77
Aukeman Farms #2,Dairy,—,77
Lucas McCanless Dairy #2 @ Coffee Creek,Dairy,—,77
Luke McCanless Dairy #1  (McCanless Home Dairy),Dairy,—,77
Pereira Dairy,Dairy,—,77
KMA Dairy,Dairy,—,77
Dos Palos Y Auction Yard,Other,—,76
Cattlemen's Livestock Market,Other,—,76
Over The Moon Dairy,Dairy,—,76
Joe Pinheiro Dairy,Dairy,—,76
Ocean Breeze Dairy,Dairy,—,76
Fire Lakes Jerseys,Dairy,—,76
Dias Family Dairy,Dairy,Manure management,75
Infinity Dairy,Dairy,—,75
Nick Mattos Dairy — Diamond M Valley Dairy — Pepper Road,Dairy,—,75
"Wilgenburg West, LLC",Other,Manure management,74
Mike McCall Dairy,Dairy,—,74
The Arend Ranch,Dairy,—,74
John Zylstra Dairy,Dairy,—,74
Regli Jerseys,Dairy,Manure management,73
Aggio Dairy Inc.,Dairy,—,73
Albin Dairy,Dairy,—,73
Costa View Dairy North,Other,—,73
Mello Dairy,Dairy,—,73
Spaletta Dairy,Dairy,—,73
Cardoso Dairy,Dairy,Manure management,72
Brazil Dairy #2,Dairy,—,72
Del Biaggio Dairy #2,Dairy,—,72
Valley Cross Dairy,Dairy,—,72
Vogts Dairy #3,Dairy,—,72
Del Biaggio Dairy,Dairy,—,71
Grizzly Bluff Holsteins,Dairy,—,71
Ontario Ranch Holsteins #1,Dairy,—,71
O'Neil Dairy,Dairy,—,71
David & Eric DeWit (Dairy),Dairy,—,70
Ed Machado Dairy,Dairy,—,70
Avlan Family Farms #2,Dairy,—,69
Pires Dairy,Dairy,—,69
Blakes Landing Farm,Dairy,—,69
Luis Correia Dairy,Dairy,—,68
Perucchi Dairy,Dairy,—,68
A & G Azevedo Dairy,Dairy,—,67
Losa Dairy,Dairy,—,67
Williams Ranch,Other,—,66
Faria Dairy Inc #3,Dairy,—,66
F&D Giacomazzi Farms,Other,—,66
O & L Dairy,Other,—,66
Albert Mendes Feedlot,Other,—,66
Laurel Avenue Feedlot (Dairy),Other,—,66
"Souza Farms, Inc",Other,—,66
Bar VP Feedlot,Other,—,65
Modoc Auction Yard,Other,—,65
Mello 3 Llano Oaks Dairy,Dairy,—,65
Mello Farms,Dairy,—,65
Fresno Livestock,Other,—,65
SBS Ag Heifers 52,Other,—,65
SBS Ag Heifers 68,Other,—,65
Hanford Armona Feedlot,Other,—,65
Maria Silveira Dairy,Dairy,—,65
Green Valley Feedlot,Other,—,65
Mid Valley Heifer Ranch,Other,—,65
Bond Road Feedlot,Other,—,64
Sunshine Dairy Heifers,Other,—,63
Kemper Road Ranch,Other,—,63
Narciso Ranch,Other,—,63
DCB Farming LLC,Other,—,63
Homeland Cattle LLC,Other,—,63
Nosecchi Dairy,Dairy,—,63
OK Cattle LLC,Other,—,63
"G. Simoes Dairy, Inc.",Other,—,63
Rivas Dairy,Dairy,—,62
ED SOUZA & SON DAIRY,Dairy,—,62
Nick Beglinger Dairy,Dairy,—,61
Drakes View Dairy LLC,Dairy,—,61
J—S Jiminez Dairy,Dairy,—,61
L K Ranches Dairy,Dairy,—,61
Frank Chaves & Sons Dairy #2,Dairy,—,60
Eugenio Azevedo Dairy,Other,—,60
CSUF Dairy,Dairy,—,59
Gordon Dairy #4,Other,—,59
Legacy Ranch Dairy #1,Other,—,59
Gonsalves Ranch,Other,—,59
Doug Ielmorini Dairy,Dairy,—,59
Renner Ranches — Fortuna (Alton),Dairy,—,59
Falloncrest Farms,Other,—,59
Five H Farms #2,Other,—,59
Carlos Estacio & Sons Dairy,Dairy,—,58
Gillian's Dairy,Dairy,—,58
Toste Dairy,Dairy,—,58
JJ's Family Dairy,Dairy,—,58
Deniz Dairy,Dairy,Manure management,57
P & D Dairy South,Dairy,—,57
Mattos Brothers Dairy #2,Other,—,57
Antonio Azevedo Heifer Ranch,Other,—,56
Cotta Dairy,Other,—,56
DeSimas & Bairos Dairy,Other,—,56
Double B Feedlot #2,Other,—,56
Amaral Dairy,Dairy,—,55
Jim Vieira and Son Dairy #2,Dairy,—,55
Brazil Dairy #1 (Mike Brazil Dairy),Dairy,—,55
Pearson and Coupe Dairy,Dairy,—,54
Four Star #4 Dairy,Other,—,54
Double M Dairy LLC,Dairy,—,54
Antonio Sousa Dairy,Other,—,53
Fagundes Feedlot,Other,—,53
King Avenue Feedlot,Other,—,53
MILL OAK FARMS (FEEDLOT),Other,—,53
Martins Farm Heifer Ranch,Other,—,53
Crane Villa Heifers,Other,—,53
Archibald Ranch,Other,—,53
Sevilla Cattle,Other,—,53
Furtado Dairy #1,Dairy,—,52
Richard Hughes Dairy,Dairy,—,52
John & Dan Vierra Dairy,Dairy,—,52
CMA Livestock #2,Dairy,—,51
Brodt Dairy West,Dairy,—,51
"Clarot Farms, Inc.",Other,—,51
Double 8 Dairy (Di Bufala Dairy),Dairy,—,51
Michael A. Boynton Dairy,Dairy,—,51
Silva Dairy Farms #3B,Other,Manure management,50
Martins View Jersey Dairy #2,Other,—,50
W & J Dairy,Other,—,50
Olivas Ranch,Other,—,50
Tulare County Stockyard,Other,—,50
Dotti Brothers Dairy,Dairy,—,50
Double M Family Farms LLC,Other,—,50
Duarte—Acres Holsteins,Other,—,50
Garcia & Sons Dairy,Dairy,—,50
Tierra Buena Heifer Ranch,Other,—,50
Jim Riebli Dairy,Dairy,—,50
Manuel Leal & Son Heifer Ranch,Other,—,50
Massaro (H—1),Other,—,50
Silva Brothers Dairy #2,Dairy,—,50
Germann Bros Dairy,Dairy,—,49
Machado Dairy Farms #4,Other,—,48
Leo Martin Dairy,Dairy,—,48
Azevedo Ranch,Other,—,46
Azevedo Farms,Other,—,46
Green Acres Heifer Ranch,Other,—,46
Jack Dei Dairy,Dairy,—,46
Kroes Family Limited Partnership Dairy,Other,—,46
OK Cattle — Schaefer,Other,—,46
UC Desert Research and Extension Center,Other,—,46
Zephyr Dairy,Other,—,45
Vitor Borba Heifers,Other,—,44
Luis C Nunes and Sons Dairy #1,Other,—,44
Bassett Heifer Ranch,Other,—,43
Manuel B Toste,Other,—,43
Radelfinger Dairy,Dairy,—,43
Excelsior Avenue Feedlot,Other,—,43
Van Groningen & Sons,Other,—,43
"Gioletti, Inc. Feedlot",Other,—,42
Justin Sandahl Dairy,Dairy,—,42
Ghidinelli Dairy,Dairy,—,41
Double J Feedlot,Other,—,41
Skiff Ranch,Dairy,—,41
Warnerville Ranch,Dairy,—,41
American Beef Packers,Other,—,40
Vida Boa Heifers,Other,—,40
Machado Dairy #2,Other,—,40
Manuel A Silveira Dairy,Other,—,40
Fontes Heifer Ranch,Other,—,40
Thomas Dairy,Other,—,40
Bar E Heifer Ranch,Other,—,39
Nick & Amber Buttke Dairy,Dairy,—,39
Ornellas Dairy #2,Dairy,—,39
S & D Feedlot,Other,—,39
Collenberg Dairy,Dairy,—,38
Melo Ranch,Other,—,38
"Modesto Livestock Commission Co, Inc.",Other,—,38
Holgersen Dairy (Holgieville Jerseys),Dairy,—,38
Sarvinski Dairy,Dairy,—,38
Manuel A Soares Dairy,Other,—,38
Willow Creek Jerseys,Dairy,—,38
Batista Family Farm LLC,Dairy,—,37
Nunes Heifers,Other,—,37
Headquarters Ranch,Other,—,36
Bob Fumasi Dairy,Dairy,—,36
Cunha Dairy #1,Other,—,36
Azevedo Heifer Ranch,Other,—,36
Morais Dairies,Dairy,—,36
UC Davis Animal Science Dairy,Dairy,Manure management,35
LaBrucherie Bros LLC — Schaefer,Dairy,—,35
Mendes Heifer Ranch,Other,—,35
Charles D. Martin Dairy,Dairy,—,34
R & J McClelland Dairy,Dairy,—,34
Cal Farm House,Dairy,—,34
Sited Oak Dairy,Dairy,—,34
Da Silva LP Brennan Road,Other,—,33
Martin Ranch,Other,—,33
Mattos Dairy #4,Other,—,33
P & D Dairy North,Other,—,33
Triple M Jerseys,Dairy,—,33
Frank Pires Heifers,Other,—,33
Art Silva Heifer Feedlot,Other,—,33
VIP Cattle,Other,—,33
Joe Soares,Other,—,33
Gary Zysling Feedlot,Other,—,33
Headquarters Ranch 2,Other,—,32
Soderstrom Farms Feedlot,Other,—,32
Triple Creek Jerseys,Dairy,—,32
Midnight Farms,Other,—,31
P.M.B. Dairy,Other,—,31
Clark Feedlot,Other,—,30
JL Fragoso Cattle Company,Other,—,30
Michael Mcree South Dairy,Other,—,30
Mission Livestock (Former Greenwood Dairy),Other,—,30
Joe Meirinho Heifer Ranch,Other,—,30
Log Haven Dairy,Other,—,30
Art Venegas Dairy — Euclid,Dairy,—,30
Cartmill Ranch Feedlot,Other,—,30
Cow Cents Feedlot,Other,—,29
Lepori Dairy,Dairy,—,29
JS Moreda Dairy,Dairy,—,29
Diamond R Ranch,Dairy,—,28
Double B Feedlot #1,Other,—,28
Den—K Holsteins Dairy,Dairy,—,27
Bento Dairy,Dairy,—,27
Kevin Ranch,Other,—,26
Ferreira Dairy,Dairy,—,26
Gist Heifer Ranch,Other,—,26
Jones Family Dairy,Dairy,—,26
Nicholson Dairy,Dairy,—,26
Nunes & Sons Dairy #2,Other,—,26
Todd Stegall Bull Development Facility,Other,—,26
White Ranch (Island Heifers),Other,—,26
Vander Meulen Dairy,Other,—,26
Silveira Jerstein Dairy,Dairy,—,25
Delta View #2,Other,—,25
CR Griffith Dairy,Dairy,—,25
CSU Chico Dairy Facility,Dairy,—,25
Creek Dairy,Dairy,—,25
Triple D Dairy & Farming Feedlot,Other,—,25
Cactus Ranch,Other,—,25
AJF Heifer Ranch,Other,—,25
Nunes & Sons Feedlot,Other,—,25
Silva Family Dairy,Dairy,—,25
JOE V. CARDOZA TRUST DAIRY,Other,—,23
JL6,Other,—,23
Serafin Feedlot,Other,—,23
"Bianchini Inc., Bivalve Dairy",Dairy,Manure management,22
Adams Dairy,Dairy,—,22
Herman De Jong Dairy,Dairy,—,22
Hillside Farms,Dairy,—,22
Roy King Dairy,Dairy,—,22
MHF Dairy,Dairy,—,22
Mellema West Dairy,Other,—,22
Palmer Westbrook Dairy,Dairy,—,22
Riverside Ranch (Boynton Dairy),Dairy,—,22
Tom Rayl Dairy,Dairy,—,22
Bay Meadow Farms,Dairy,—,21
Tulare Joint Union High School Dairy,Dairy,—,21
Airoso Dairy,Other,—,20
Oostdam Dairy Heifer Ranch,Other,—,20
"Tony Borba Dairy, Inc.",Other,—,20
George Borba & Son Dairy,Other,—,20
Northview Heifer Ranch,Other,—,20
SD Farms II—2,Other,—,20
Haringa Farms Heifer Ranch,Other,—,20
Martins View Heifer Ranch,Other,—,20
Meneses Heifer Ranch,Other,—,20
Rollin Heifer Feedlot,Other,—,20
JM Dairy / Machado Sisters Feed Lot,Other,—,20
Uptite Feedlot,Other,—,20
Faustino A Diaz,Other,—,19
Henry A Garcia Feedlot,Other,—,19
Darren & Karen Hansen Dairy,Dairy,—,19
Pedrotti Dairy (Donald A. Pedrotti),Dairy,—,19
Reas Creek Dairy,Dairy,—,19
Rose Trust,Other,—,19
Barrera Feedlot,Other,—,18
Double D Taylor,Other,—,18
Liquid Gold Dairy,Dairy,—,18
Campbell Heifer Facility,Other,—,18
Dykstra Heifer Ranch,Other,—,18
Mattos Brothers Dairy #3,Other,—,18
Dicks Heifer Feedlot,Other,—,18
Verissimo Facility,Dairy,—,18
F&S Brasil Dairy #3,Other,—,18
OK Cattle — Eucalyptus,Other,—,18
Vernon Ranch,Other,—,17
Furtado Farms Inc.,Other,—,17
Jose Nuno,Other,—,17
Ornellas Dairy #3,Dairy,—,17
Manuel Avila Dairy,Other,—,16
Brichetto Cattle Company,Other,—,16
Mandala (H—2),Other,—,16
Hacienda Feedlot,Other,—,16
Sierra Blanca Ranch #2,Other,—,16
Martella Livestock Market,Other,—,16
Sinks,Other,—,16
U—BAR Dairy,Other,—,16
Duarte Family Dairy Inc.,Other,—,15
John Lorenzo Dairy,Other,—,15
Dream Dairy Heifer Ranch,Other,—,15
Jose Avila,Other,—,14
Prins Heifer Facility,Other,—,14
Todd Ventura,Other,—,14
"3R Land and Development, LLC feedlot",Other,—,13
Monte Vista Feedlot,Other,—,13
Maria Borges Farms,Other,—,13
Carinalli Dairy,Dairy,—,13
Duivenvoorden Farms,Dairy,—,13
Sierra Ranches,Other,—,13
15th Avenue Feedlot,Other,—,13
Lemos Jerseys,Other,—,13
Mr Dairy,Other,—,13
Hoffman Dairy,Other,—,11
Correia Heifer Ranch,Other,—,11
George Bianchi Hansen Ranch,Dairy,—,11
Pimentel Heifer Ranch,Other,—,11
Nunes Farms,Other,—,11
Souza Heifer Ranch,Other,—,11
Da Silva Dairy Farms LLC Heifer Ranch,Other,Manure management,10
Boys Republic Farm,Other,—,10
DeMelo Dairy,Other,—,10
B & D Dairy,Other,—,10
Vieira Livestock,Dairy,—,10
Vierra Heifer Ranch (Dairy),Other,—,10
Den—K Heifer Corrals,Other,—,9
Carl Vieira Heifer Feedlot,Other,—,9
"19820 King Road, Red Bluff",Other,—,9
Dina Simas Property,Other,—,9
Machado & Sons Dairy,Other,—,9
Frank Rocha Heifer Facility,Other,—,9
Walts Farming,Other,—,9
Rita Vieira—Heifer Ranch,Other,—,9
Coupe Ranch,Other,—,9
Couto Dairy #2,Other,—,8
Double R Ranch,Other,—,8
Brennan Heifer Ranch,Other,—,8
Manuel Vieira Jr Dairy,Other,—,8
Aguiar & Bento Dairy,Other,—,7
Joe Matos Cheese Factory,Dairy,—,7
Martin Dairy,Other,—,7
Robert Martins Cattle,Other,—,7
"Androgenics, Inc",Other,—,7
RP Feedlot,Other,—,7
Omlin Heifer Ranch,Other,—,7
Sweeney Dairy,Other,—,7
Bar 20 Dairy Ranch #1,Other,—,7
Vogt's Holstein Dairies #2,Other,—,7
Elmo and Elise Poncetta Trust feedlot,Other,—,6
John Ullrich Dairy Cattle,Other,—,6
Grant Amen Feedlot,Other,—,5
Borges Farms,Other,—,5
John Correia Cattle,Other,—,5
Miller Ranch,Other,—,5
Nature's Clover Dairy,Other,—,5
Gary and Heather Pratton Feedlot,Other,—,5
Rodoni Pioneer Feedlot,Other,—,5
Walt's Farming,Other,—,5
Illinois Feedlot,Other,—,4
Veenendaal Angus,Other,—,4
Valov Brothers Farm LP,Other,—,4
Stornetta Ranch #2,Dairy,—,4
"Van Ommering Dairy, L.P. (Dairy)",Other,—,4
M & M Carvalho Trust Ranch,Other,—,3
2407 S Blaker Road Facility,Other,—,3
JM Dairy Feed Lot,Other,—,3
Frank Mendonca Heifer Ranch,Other,—,3
Marshall Ranch,Other,—,3
Jose Rodrigues Feedlot,Other,—,3
Vierra Heifer Feedlot,Other,—,3
Tillema Cattle Company,Other,—,3
Toste Ranch,Other,—,3
Martin Bangma Dairy,Other,—,2
TRB Ranch,Other,—,2
Bettencourt Ranch,Other,—,2
Coderview Holsteins Dairy,Other,—,2
Jersey Avenue Feedlot,Other,—,2
Manuel Mendonca Trustee,Other,—,2
Jason & Julie Starr,Other,—,1
John Jorge Dairy,Other,—,1
Pepper Dairy,Dairy,—,1
Lucio Corral Cattle,Other,—,1
Escalon Livestock Market,Other,—,1
Karen Marsh Ranch,Other,—,1
APN 004—280—075 Feedlot,Other,—,1
Morris Jersey Girls Dairy,Other,—,1
Banos Royal Farms Feedlot,Other,—,1
Terra Dairy,Other,—,1
Brichetto Brothers,Other,—,0
O'Banion Ranches,Dairy,—,0
